{"cameraMode":{"drawMode":0,"name":"Shaded","section":"Shading Mode"},"sceneLighting":true,"audioPlay":false,"sceneViewState":{"showFog":true,"showMaterialUpdate":false,"showSkybox":true,"showFlares":true,"showImageEffects":true,"showParticleSystems":true},"in2DMode":false,"pivot":{"x":5.198980808258057,"y":3.798290729522705,"z":-9.525556564331055},"rotation":{"x":-0.1095537543296814,"y":0.5230481028556824,"z":-0.06801487505435944,"w":-0.8424944877624512},"size":0.9999968409538269,"orthographic":false}