{"cameraMode":{"drawMode":0,"name":"Shaded","section":"Shading Mode"},"sceneLighting":true,"audioPlay":false,"sceneViewState":{"showFog":true,"showMaterialUpdate":false,"showSkybox":true,"showFlares":true,"showImageEffects":true,"showParticleSystems":true},"in2DMode":false,"pivot":{"x":0.7076301574707031,"y":3.7957959175109865,"z":-10.215292930603028},"rotation":{"x":-0.03628935664892197,"y":0.026077577844262124,"z":-0.0009516439167782664,"w":-0.9990177154541016},"size":5.739985466003418,"orthographic":true}