{"cameraMode":{"drawMode":0,"name":"Shaded","section":"Shading Mode"},"sceneLighting":true,"audioPlay":false,"sceneViewState":{"showFog":true,"showMaterialUpdate":false,"showSkybox":true,"showFlares":true,"showImageEffects":true,"showParticleSystems":true},"in2DMode":false,"pivot":{"x":0.01636313833296299,"y":4.16539192199707,"z":-10.031534194946289},"rotation":{"x":-0.13802500069141389,"y":0.33649012446403506,"z":-0.0499325655400753,"w":-0.9301936626434326},"size":8.951573371887207,"orthographic":true}